name,company,role,pain_signal,source_type,source_url,created_at,why_warm_lead,outreach_message,score,urgency_level,buying_intent_explanation,best_next_action,outreach_angle
Marcus Holt,Funnelwise,Founder & CEO,Publicly posted on LinkedIn: 'Spending 4 hours a day manually qualifying inbound — there has to be a better way.',LinkedIn Post,,,"This prospect surfaced a public pain signal around 'lead generation' via LinkedIn Post. The signal suggests active frustration, research, or potential buying intent.","Hi Marcus, I came across your post on LinkedIn Post where you mentioned: ""Publicly posted on LinkedIn: 'Spending 4 hours a day manually qualifying inbound — there has to be a better way.'..."" — that caught my attention.

I’m building warm-lead intelligence for B2B SaaS teams that are dealing with lead generation. Instead of sending hundreds of cold messages, the system finds people already showing public buying-intent signals around the exact pain.

I put together a quick signal-based lead audit that could help Funnelwise. Would it be useful if I sent over 3 sample leads with scores, source context, and suggested outreach angles?",92,High,"This prospect is a Founder & CEO at Funnelwise who expressed a direct, active pain point via LinkedIn Post. The language used indicates immediate frustration with an existing solution or workflow — a strong in-market buying signal. Urgency: High.",Send a personalized outreach message within 24 hours referencing their exact pain signal.,Lead with time savings — quantify the hours spent on manual research vs. automated intent detection.
Ravi Sharma,Leadspark B2B,Co-Founder,ProductHunt: 'Upvoted. We're burning 20 hours a week on outbound research. If this actually finds warm leads it would pay for itself in one deal.',ProductHunt Comment,,,"This prospect surfaced a public pain signal around 'lead generation' via ProductHunt Comment. The signal suggests active frustration, research, or potential buying intent.","Hi Ravi, I came across your post on ProductHunt Comment where you mentioned: ""ProductHunt: 'Upvoted. We're burning 20 hours a week on outbound research. If this actually finds warm leads it would pay for itself in one deal.'..."" — that caught my attention.

I’m building warm-lead intelligence for B2B SaaS teams that are dealing with lead generation. Instead of sending hundreds of cold messages, the system finds people already showing public buying-intent signals around the exact pain.

I put together a quick signal-based lead audit that could help Leadspark B2B. Would it be useful if I sent over 3 sample leads with scores, source context, and suggested outreach angles?",90,High,"This prospect is a Co-Founder at Leadspark B2B who expressed a direct, active pain point via ProductHunt Comment. The language used indicates immediate frustration with an existing solution or workflow — a strong in-market buying signal. Urgency: High.",Send a personalized outreach message within 24 hours referencing their exact pain signal.,Lead with reply rate improvement — warm leads with context get 5–8× higher reply rates than cold lists.
Yuki Tanaka,Loopflow,Co-Founder,ProductHunt comment: 'This is exactly what we need. We just hired a VA to manually find leads but it takes 3 weeks to see results. Very open to automation here.',ProductHunt Comment,,,"This prospect surfaced a public pain signal around 'lead generation' via ProductHunt Comment. The signal suggests active frustration, research, or potential buying intent.","Hi Yuki, I came across your post on ProductHunt Comment where you mentioned: ""ProductHunt comment: 'This is exactly what we need. We just hired a VA to manually find leads but it takes 3 weeks to see results. Very open to automation here..."" — that caught my attention.

I’m building warm-lead intelligence for B2B SaaS teams that are dealing with lead generation. Instead of sending hundreds of cold messages, the system finds people already showing public buying-intent signals around the exact pain.

I put together a quick signal-based lead audit that could help Loopflow. Would it be useful if I sent over 3 sample leads with scores, source context, and suggested outreach angles?",90,High,"This prospect is a Co-Founder at Loopflow who expressed a direct, active pain point via ProductHunt Comment. The language used indicates immediate frustration with an existing solution or workflow — a strong in-market buying signal. Urgency: High.",Send a personalized outreach message within 24 hours referencing their exact pain signal.,Lead with time savings — quantify the hours spent on manual research vs. automated intent detection.
Finn O'Brien,Launchmetric SaaS,CEO,Twitter/X: 'Founder-led sales is exhausting when you don't know who to call first. Wish there was a signal layer on top of our CRM.',Twitter/X Thread,,,"This prospect surfaced a public pain signal around 'lead generation' via Twitter/X Thread. The signal suggests active frustration, research, or potential buying intent.","Hi Finn, I came across your post on Twitter/X Thread where you mentioned: ""Twitter/X: 'Founder-led sales is exhausting when you don't know who to call first. Wish there was a signal layer on top of our CRM.'..."" — that caught my attention.

I’m building warm-lead intelligence for B2B SaaS teams that are dealing with lead generation. Instead of sending hundreds of cold messages, the system finds people already showing public buying-intent signals around the exact pain.

I put together a quick signal-based lead audit that could help Launchmetric SaaS. Would it be useful if I sent over 3 sample leads with scores, source context, and suggested outreach angles?",88,High,"This prospect is a CEO at Launchmetric SaaS who expressed a direct, active pain point via Twitter/X Thread. The language used indicates immediate frustration with an existing solution or workflow — a strong in-market buying signal. Urgency: High.",Send a personalized outreach message within 24 hours referencing their exact pain signal.,Focus on pipeline efficiency — warm leads with buying-intent context reduce time-to-close significantly.
Anika Petrov,Growthpad,Founder,"Posted on LinkedIn: 'Tried Apollo, tried Clay. Still spending $3k/mo on outbound with a 0.8% reply rate. Something is broken.'",LinkedIn Post,,,"This prospect surfaced a public pain signal around 'lead generation' via LinkedIn Post. The signal suggests active frustration, research, or potential buying intent.","Hi Anika, I came across your post on LinkedIn Post where you mentioned: ""Posted on LinkedIn: 'Tried Apollo, tried Clay. Still spending $3k/mo on outbound with a 0.8% reply rate. Something is broken.'..."" — that caught my attention.

I’m building warm-lead intelligence for B2B SaaS teams that are dealing with lead generation. Instead of sending hundreds of cold messages, the system finds people already showing public buying-intent signals around the exact pain.

I put together a quick signal-based lead audit that could help Growthpad. Would it be useful if I sent over 3 sample leads with scores, source context, and suggested outreach angles?",82,High,"This prospect is a Founder at Growthpad who expressed a direct, active pain point via LinkedIn Post. The language used indicates immediate frustration with an existing solution or workflow — a strong in-market buying signal. Urgency: High.",Send a personalized outreach message within 24 hours referencing their exact pain signal.,Lead with reply rate improvement — warm leads with context get 5–8× higher reply rates than cold lists.
